Country,Greenhouse Area (ha),Estimated Production (stems),Stems per ha
Netherlands,9000,4500000000,500000.0
United States,7740,3500000000,452196.38242894056
Canada,683,300000000,439238.65300146415
Brazil,1200,90000000,75000.0
China,4067,5000000000,1229407.4256208506
Nigeria,1000,80000000,80000.0
Kenya,2000,1500000000,750000.0
India,12096,1200000000,99206.3492063492
South Africa,1500,100000000,66666.66666666667
Indonesia,1500,800000000,533333.3333333334
